ID_hecho,FECHA,AAAA,MM,DD,ROL,VICTIMA,SEXO,EDAD,FECHA_FALLECIMIENTO,Año_F,Semestre,Fallecido,Año
2016-0001,2016-01-01,2016,1,1,CONDUCTOR,MOTO,MASCULINO,19,2016-01-01 00:00:00,2016.0,2016.1,1,2016
2016-0003,2016-01-03,2016,1,3,CONDUCTOR,MOTO,MASCULINO,30,2016-01-03 00:00:00,2016.0,2016.1,1,2016
2016-0008,2016-01-24,2016,1,24,CONDUCTOR,MOTO,MASCULINO,30,2016-01-24 00:00:00,2016.0,2016.1,1,2016
2016-0009,2016-01-24,2016,1,24,PASAJERO_ACOMPAÑANTE,MOTO,MASCULINO,29,2016-01-26 00:00:00,2016.0,2016.1,1,2016
2016-0010,2016-01-29,2016,1,29,CONDUCTOR,MOTO,MASCULINO,18,2016-01-29 00:00:00,2016.0,2016.1,1,2016
2016-0005,2016-01-21,2016,1,21,CONDUCTOR,MOTO,MASCULINO,29,2016-02-01 00:00:00,2016.0,2016.1,1,2016
2016-0012,2016-02-08,2016,2,8,CONDUCTOR,MOTO,MASCULINO,22,2016-02-08 00:00:00,2016.0,2016.1,1,2016
2016-0016,2016-02-14,2016,2,14,PASAJERO_ACOMPAÑANTE,MOTO,FEMENINO,19,2016-02-14 00:00:00,2016.0,2016.1,1,2016
2016-0035,2016-03-13,2016,3,13,CONDUCTOR,MOTO,MASCULINO,34,2016-03-13 00:00:00,2016.0,2016.1,1,2016
2016-0036,2016-03-14,2016,3,14,PASAJERO_ACOMPAÑANTE,MOTO,MASCULINO,36,2016-03-14 00:00:00,2016.0,2016.1,1,2016
2016-0037,2016-03-19,2016,3,19,CONDUCTOR,MOTO,MASCULINO,20,2016-03-19 00:00:00,2016.0,2016.1,1,2016
2016-0039,2016-03-23,2016,3,23,CONDUCTOR,MOTO,MASCULINO,20,2016-03-23 00:00:00,2016.0,2016.1,1,2016
2016-0041,2016-03-29,2016,3,29,CONDUCTOR,MOTO,MASCULINO,54,2016-03-29 00:00:00,2016.0,2016.1,1,2016
2016-0041,2016-03-29,2016,3,29,PASAJERO_ACOMPAÑANTE,MOTO,MASCULINO,SD,2016-03-30 00:00:00,2016.0,2016.1,1,2016
2016-0044,2016-03-31,2016,3,31,CONDUCTOR,MOTO,MASCULINO,24,2016-03-31 00:00:00,2016.0,2016.1,1,2016
2016-0051,2016-04-20,2016,4,20,CONDUCTOR,MOTO,MASCULINO,36,2016-04-20 00:00:00,2016.0,2016.1,1,2016
2016-0054,2016-04-23,2016,4,23,CONDUCTOR,MOTO,MASCULINO,30,2016-04-25 00:00:00,2016.0,2016.1,1,2016
2016-0056,2016-04-26,2016,4,26,CONDUCTOR,MOTO,MASCULINO,26,2016-04-26 00:00:00,2016.0,2016.1,1,2016
2016-0087,2016-07-03,2016,7,3,CONDUCTOR,MOTO,MASCULINO,23,2016-07-03 00:00:00,2016.0,2016.2,1,2016
2016-0092,2016-07-15,2016,7,15,CONDUCTOR,MOTO,MASCULINO,24,2016-07-15 00:00:00,2016.0,2016.2,1,2016
2016-0095,2016-07-23,2016,7,23,CONDUCTOR,MOTO,MASCULINO,29,2016-07-23 00:00:00,2016.0,2016.2,1,2016
2016-0100,2016-08-03,2016,8,3,CONDUCTOR,MOTO,MASCULINO,57,2016-08-03 00:00:00,2016.0,2016.2,1,2016
2016-0104,2016-08-14,2016,8,14,CONDUCTOR,MOTO,MASCULINO,21,2016-08-15 00:00:00,2016.0,2016.2,1,2016
2016-0111,2016-08-25,2016,8,25,CONDUCTOR,MOTO,MASCULINO,27,2016-08-25 00:00:00,2016.0,2016.2,1,2016
2016-0112,2016-08-27,2016,8,27,CONDUCTOR,MOTO,MASCULINO,24,2016-08-27 00:00:00,2016.0,2016.2,1,2016
2016-0116,2016-09-02,2016,9,2,CONDUCTOR,MOTO,MASCULINO,30,2016-09-02 00:00:00,2016.0,2016.2,1,2016
2016-0130,2016-10-04,2016,10,4,CONDUCTOR,MOTO,MASCULINO,29,2016-10-04 00:00:00,2016.0,2016.2,1,2016
2016-0134,2016-10-23,2016,10,23,CONDUCTOR,MOTO,MASCULINO,25,2016-10-23 00:00:00,2016.0,2016.2,1,2016
2016-0133,2016-10-14,2016,10,14,CONDUCTOR,MOTO,MASCULINO,41,2016-10-25 00:00:00,2016.0,2016.2,1,2016
2016-0142,2016-11-05,2016,11,5,CONDUCTOR,MOTO,MASCULINO,46,2016-11-05 00:00:00,2016.0,2016.2,1,2016
2016-0145,2016-11-07,2016,11,7,CONDUCTOR,MOTO,MASCULINO,39,2016-11-07 00:00:00,2016.0,2016.2,1,2016
2016-0152,2016-11-23,2016,11,23,CONDUCTOR,MOTO,MASCULINO,42,2016-11-24 00:00:00,2016.0,2016.2,1,2016
2016-0156,2016-11-26,2016,11,26,CONDUCTOR,MOTO,MASCULINO,23,2016-11-30 00:00:00,2016.0,2016.2,1,2016
2016-0168,2016-12-13,2016,12,13,CONDUCTOR,MOTO,MASCULINO,43,2016-12-13 00:00:00,2016.0,2016.2,1,2016
2016-0169,2016-12-15,2016,12,15,CONDUCTOR,MOTO,MASCULINO,24,2016-12-16 00:00:00,2016.0,2016.2,1,2016
2016-0170,2016-12-19,2016,12,19,PASAJERO_ACOMPAÑANTE,MOTO,MASCULINO,21,2016-12-19 00:00:00,2016.0,2016.2,1,2016
2016-0172,2016-12-26,2016,12,26,CONDUCTOR,MOTO,MASCULINO,38,2016-12-26 00:00:00,2016.0,2016.2,1,2016
2017-0001,2017-01-02,2017,1,2,CONDUCTOR,MOTO,MASCULINO,18,2017-01-02 00:00:00,2017.0,2017.1,1,2017
2017-0008,2017-01-16,2017,1,16,CONDUCTOR,MOTO,MASCULINO,29,2017-01-16 00:00:00,2017.0,2017.1,1,2017
2017-0009,2017-01-16,2017,1,16,CONDUCTOR,MOTO,MASCULINO,36,2017-01-16 00:00:00,2017.0,2017.1,1,2017
2017-0010,2017-01-16,2017,1,16,CONDUCTOR,MOTO,MASCULINO,23,2017-01-16 00:00:00,2017.0,2017.1,1,2017
2017-0011,2017-01-22,2017,1,22,PASAJERO_ACOMPAÑANTE,MOTO,FEMENINO,29,2017-01-22 00:00:00,2017.0,2017.1,1,2017
2017-0012,2017-01-24,2017,1,24,CONDUCTOR,MOTO,MASCULINO,30,2017-01-24 00:00:00,2017.0,2017.1,1,2017
2017-0014,2017-01-28,2017,1,28,PASAJERO_ACOMPAÑANTE,MOTO,FEMENINO,22,2017-01-28 00:00:00,2017.0,2017.1,1,2017
2017-0016,2017-02-03,2017,2,3,CONDUCTOR,MOTO,MASCULINO,27,2017-02-04 00:00:00,2017.0,2017.1,1,2017
2017-0017,2017-02-06,2017,2,6,CONDUCTOR,MOTO,MASCULINO,32,2017-02-06 00:00:00,2017.0,2017.1,1,2017
2017-0018,2017-02-09,2017,2,9,CONDUCTOR,MOTO,MASCULINO,30,2017-02-09 00:00:00,2017.0,2017.1,1,2017
2017-0021,2017-02-18,2017,2,18,CONDUCTOR,MOTO,MASCULINO,43,2017-02-18 00:00:00,2017.0,2017.1,1,2017
2017-0025,2017-02-24,2017,2,24,CONDUCTOR,MOTO,MASCULINO,23,2017-02-24 00:00:00,2017.0,2017.1,1,2017
2017-0036,2017-03-29,2017,3,29,PASAJERO_ACOMPAÑANTE,MOTO,FEMENINO,SD,2017-03-29 00:00:00,2017.0,2017.1,1,2017
2017-0036,2017-03-29,2017,3,29,CONDUCTOR,MOTO,MASCULINO,20,2017-03-29 00:00:00,2017.0,2017.1,1,2017
2017-0037,2017-03-31,2017,3,31,CONDUCTOR,MOTO,MASCULINO,41,2017-03-31 00:00:00,2017.0,2017.1,1,2017
2017-0038,2017-04-01,2017,4,1,CONDUCTOR,MOTO,FEMENINO,40,2017-04-01 00:00:00,2017.0,2017.1,1,2017
2017-0042,2017-04-10,2017,4,10,CONDUCTOR,MOTO,MASCULINO,SD,2017-04-10 00:00:00,2017.0,2017.1,1,2017
2017-0045,2017-04-14,2017,4,14,CONDUCTOR,MOTO,MASCULINO,21,2017-04-14 00:00:00,2017.0,2017.1,1,2017
2017-0047,2017-04-23,2017,4,23,CONDUCTOR,MOTO,MASCULINO,37,2017-04-23 00:00:00,2017.0,2017.1,1,2017
2017-0050,2017-04-28,2017,4,28,CONDUCTOR,MOTO,MASCULINO,46,2017-04-28 00:00:00,2017.0,2017.1,1,2017
2017-0050,2017-04-28,2017,4,28,PASAJERO_ACOMPAÑANTE,MOTO,MASCULINO,16,2017-04-28 00:00:00,2017.0,2017.1,1,2017
2017-0053,2017-05-05,2017,5,5,CONDUCTOR,MOTO,MASCULINO,28,2017-05-05 00:00:00,2017.0,2017.1,1,2017
2017-0054,2017-05-07,2017,5,7,PASAJERO_ACOMPAÑANTE,MOTO,FEMENINO,20,2017-05-07 00:00:00,2017.0,2017.1,1,2017
2017-0060,2017-05-13,2017,5,13,PASAJERO_ACOMPAÑANTE,MOTO,MASCULINO,30,2017-05-13 00:00:00,2017.0,2017.1,1,2017
2017-0062,2017-05-15,2017,5,15,CONDUCTOR,MOTO,MASCULINO,35,2017-05-15 00:00:00,2017.0,2017.1,1,2017
2017-0067,2017-05-23,2017,5,23,CONDUCTOR,MOTO,MASCULINO,21,2017-05-23 00:00:00,2017.0,2017.1,1,2017
2017-0068,2017-05-27,2017,5,27,CONDUCTOR,MOTO,MASCULINO,32,2017-05-27 00:00:00,2017.0,2017.1,1,2017
2017-0069,2017-05-29,2017,5,29,CONDUCTOR,MOTO,MASCULINO,39,2017-05-29 00:00:00,2017.0,2017.1,1,2017
2017-0073,2017-06-04,2017,6,4,CONDUCTOR,MOTO,MASCULINO,19,2017-06-04 00:00:00,2017.0,2017.1,1,2017
2017-0077,2017-06-17,2017,6,17,CONDUCTOR,MOTO,FEMENINO,60,2017-06-18 00:00:00,2017.0,2017.1,1,2017
2017-0079,2017-06-19,2017,6,19,CONDUCTOR,MOTO,MASCULINO,33,2017-06-19 00:00:00,2017.0,2017.1,1,2017
2017-0083,2017-07-04,2017,7,4,CONDUCTOR,MOTO,MASCULINO,37,2017-07-04 00:00:00,2017.0,2017.2,1,2017
2017-0091,2017-07-15,2017,7,15,CONDUCTOR,MOTO,MASCULINO,58,2017-07-15 00:00:00,2017.0,2017.2,1,2017
2017-0095,2017-08-06,2017,8,6,CONDUCTOR,MOTO,MASCULINO,36,2017-08-06 00:00:00,2017.0,2017.2,1,2017
2017-0100,2017-08-21,2017,8,21,PASAJERO_ACOMPAÑANTE,MOTO,FEMENINO,16,2017-08-21 00:00:00,2017.0,2017.2,1,2017
2017-0107,2017-09-01,2017,9,1,CONDUCTOR,MOTO,MASCULINO,41,2017-09-01 00:00:00,2017.0,2017.2,1,2017
2017-0109,2017-09-04,2017,9,4,CONDUCTOR,MOTO,MASCULINO,21,2017-09-05 00:00:00,2017.0,2017.2,1,2017
2017-0116,2017-09-20,2017,9,20,CONDUCTOR,MOTO,MASCULINO,22,2017-09-20 00:00:00,2017.0,2017.2,1,2017
2017-0118,2017-09-22,2017,9,22,PASAJERO_ACOMPAÑANTE,MOTO,FEMENINO,26,2017-09-29 00:00:00,2017.0,2017.2,1,2017
2017-0120,2017-10-02,2017,10,2,CONDUCTOR,MOTO,MASCULINO,20,2017-10-02 00:00:00,2017.0,2017.2,1,2017
2017-0124,2017-10-12,2017,10,12,CONDUCTOR,MOTO,MASCULINO,51,2017-10-12 00:00:00,2017.0,2017.2,1,2017
2017-0125,2017-10-13,2017,10,13,CONDUCTOR,MOTO,MASCULINO,29,2017-10-13 00:00:00,2017.0,2017.2,1,2017
2017-0127,2017-10-16,2017,10,16,PASAJERO_ACOMPAÑANTE,MOTO,MASCULINO,24,2017-10-16 00:00:00,2017.0,2017.2,1,2017
2017-0129,2017-10-26,2017,10,26,CONDUCTOR,MOTO,MASCULINO,57,2017-10-26 00:00:00,2017.0,2017.2,1,2017
2017-0132,2017-10-30,2017,10,30,CONDUCTOR,MOTO,MASCULINO,23,2017-10-30 00:00:00,2017.0,2017.2,1,2017
2017-0135,2017-11-07,2017,11,7,CONDUCTOR,MOTO,MASCULINO,24,2017-11-07 00:00:00,2017.0,2017.2,1,2017
2017-0138,2017-11-19,2017,11,19,PASAJERO_ACOMPAÑANTE,MOTO,MASCULINO,25,2017-11-19 00:00:00,2017.0,2017.2,1,2017
2017-0140,2017-11-19,2017,11,19,CONDUCTOR,MOTO,MASCULINO,24,2017-11-19 00:00:00,2017.0,2017.2,1,2017
2017-0145,2017-11-26,2017,11,26,CONDUCTOR,MOTO,MASCULINO,58,2017-11-26 00:00:00,2017.0,2017.2,1,2017
2017-0147,2017-11-28,2017,11,28,CONDUCTOR,MOTO,MASCULINO,49,2017-11-28 00:00:00,2017.0,2017.2,1,2017
2017-0153,2017-12-11,2017,12,11,PASAJERO_ACOMPAÑANTE,MOTO,MASCULINO,SD,2017-12-12 00:00:00,2017.0,2017.2,1,2017
2017-0153,2017-12-11,2017,12,11,CONDUCTOR,MOTO,MASCULINO,30,2017-12-12 00:00:00,2017.0,2017.2,1,2017
2017-0158,2017-12-18,2017,12,18,CONDUCTOR,MOTO,MASCULINO,32,2017-12-18 00:00:00,2017.0,2017.2,1,2017
2017-0159,2017-12-20,2017,12,20,CONDUCTOR,MOTO,MASCULINO,27,2017-12-20 00:00:00,2017.0,2017.2,1,2017
2018-0004,2018-01-09,2018,1,9,CONDUCTOR,MOTO,MASCULINO,39,2018-01-09 00:00:00,2018.0,2018.1,1,2018
2018-0008,2018-01-12,2018,1,12,CONDUCTOR,MOTO,FEMENINO,32,2018-01-12 00:00:00,2018.0,2018.1,1,2018
2018-0009,2018-01-14,2018,1,14,CONDUCTOR,MOTO,MASCULINO,19,2018-01-14 00:00:00,2018.0,2018.1,1,2018
2018-0010,2018-01-18,2018,1,18,CONDUCTOR,MOTO,MASCULINO,40,2018-01-18 00:00:00,2018.0,2018.1,1,2018
2018-0012,2018-01-26,2018,1,26,CONDUCTOR,MOTO,MASCULINO,20,2018-01-26 00:00:00,2018.0,2018.1,1,2018
2018-0013,2018-01-28,2018,1,28,CONDUCTOR,MOTO,MASCULINO,44,2018-01-28 00:00:00,2018.0,2018.1,1,2018
2018-0015,2018-02-06,2018,2,6,CONDUCTOR,MOTO,MASCULINO,28,2018-02-06 00:00:00,2018.0,2018.1,1,2018
2018-0015,2018-02-06,2018,2,6,PASAJERO_ACOMPAÑANTE,MOTO,MASCULINO,19,2018-02-06 00:00:00,2018.0,2018.1,1,2018
2018-0016,2018-02-15,2018,2,15,CONDUCTOR,MOTO,MASCULINO,31,2018-02-15 00:00:00,2018.0,2018.1,1,2018
2018-0018,2018-02-17,2018,2,17,CONDUCTOR,MOTO,MASCULINO,26,2018-02-17 00:00:00,2018.0,2018.1,1,2018
2018-0020,2018-02-19,2018,2,19,CONDUCTOR,MOTO,MASCULINO,26,2018-02-19 00:00:00,2018.0,2018.1,1,2018
2018-0022,2018-02-24,2018,2,24,CONDUCTOR,MOTO,MASCULINO,28,2018-02-24 00:00:00,2018.0,2018.1,1,2018
2018-0023,2018-02-24,2018,2,24,CONDUCTOR,MOTO,MASCULINO,28,2018-02-24 00:00:00,2018.0,2018.1,1,2018
2018-0029,2018-03-15,2018,3,15,CONDUCTOR,MOTO,MASCULINO,26,2018-03-15 00:00:00,2018.0,2018.1,1,2018
2018-0030,2018-03-20,2018,3,20,CONDUCTOR,MOTO,MASCULINO,24,2018-03-20 00:00:00,2018.0,2018.1,1,2018
2018-0031,2018-03-28,2018,3,28,CONDUCTOR,MOTO,MASCULINO,31,2018-03-28 00:00:00,2018.0,2018.1,1,2018
2018-0033,2018-04-07,2018,4,7,CONDUCTOR,MOTO,FEMENINO,42,2018-04-10 00:00:00,2018.0,2018.1,1,2018
2018-0036,2018-04-13,2018,4,13,CONDUCTOR,MOTO,MASCULINO,37,2018-04-15 00:00:00,2018.0,2018.1,1,2018
2018-0042,2018-04-27,2018,4,27,PASAJERO_ACOMPAÑANTE,MOTO,MASCULINO,23,2018-04-27 00:00:00,2018.0,2018.1,1,2018
2018-0043,2018-04-28,2018,4,28,CONDUCTOR,MOTO,MASCULINO,25,2018-04-29 00:00:00,2018.0,2018.1,1,2018
2018-0053,2018-05-20,2018,5,20,CONDUCTOR,MOTO,MASCULINO,43,2018-05-20 00:00:00,2018.0,2018.1,1,2018
2018-0055,2018-05-29,2018,5,29,CONDUCTOR,MOTO,MASCULINO,21,2018-05-29 00:00:00,2018.0,2018.1,1,2018
2018-0057,2018-06-03,2018,6,3,CONDUCTOR,MOTO,MASCULINO,33,2018-06-04 00:00:00,2018.0,2018.1,1,2018
2018-0059,2018-06-08,2018,6,8,CONDUCTOR,MOTO,MASCULINO,54,2018-06-08 00:00:00,2018.0,2018.1,1,2018
2018-0061,2018-06-10,2018,6,10,CONDUCTOR,MOTO,MASCULINO,51,2018-06-10 00:00:00,2018.0,2018.1,1,2018
2018-0058,2018-06-03,2018,6,3,CONDUCTOR,MOTO,MASCULINO,26,2018-06-13 00:00:00,2018.0,2018.1,1,2018
2018-0065,2018-06-26,2018,6,26,CONDUCTOR,MOTO,MASCULINO,35,2018-06-26 00:00:00,2018.0,2018.1,1,2018
2018-0068,2018-07-01,2018,7,1,CONDUCTOR,MOTO,MASCULINO,21,2018-07-01 00:00:00,2018.0,2018.2,1,2018
2018-0070,2018-07-07,2018,7,7,CONDUCTOR,MOTO,MASCULINO,33,2018-07-07 00:00:00,2018.0,2018.2,1,2018
2018-0071,2018-07-10,2018,7,10,CONDUCTOR,MOTO,MASCULINO,SD,2018-07-10 00:00:00,2018.0,2018.2,1,2018
2018-0072,2018-07-11,2018,7,11,CONDUCTOR,MOTO,MASCULINO,27,2018-07-13 00:00:00,2018.0,2018.2,1,2018
2018-0082,2018-08-01,2018,8,1,CONDUCTOR,MOTO,FEMENINO,17,2018-08-01 00:00:00,2018.0,2018.2,1,2018
2018-0083,2018-08-02,2018,8,2,CONDUCTOR,MOTO,MASCULINO,SD,2018-08-02 00:00:00,2018.0,2018.2,1,2018
2018-0085,2018-08-03,2018,8,3,PASAJERO_ACOMPAÑANTE,MOTO,FEMENINO,22,2018-08-03 00:00:00,2018.0,2018.2,1,2018
2018-0085,2018-08-03,2018,8,3,CONDUCTOR,MOTO,MASCULINO,30,2018-08-03 00:00:00,2018.0,2018.2,1,2018
2018-0088,2018-08-17,2018,8,17,CONDUCTOR,MOTO,MASCULINO,SD,2018-08-17 00:00:00,2018.0,2018.2,1,2018
2018-0090,2018-08-18,2018,8,18,CONDUCTOR,MOTO,MASCULINO,27,2018-08-18 00:00:00,2018.0,2018.2,1,2018
2018-0092,2018-08-20,2018,8,20,CONDUCTOR,MOTO,MASCULINO,23,2018-08-20 00:00:00,2018.0,2018.2,1,2018
2018-0094,2018-08-23,2018,8,23,CONDUCTOR,MOTO,MASCULINO,32,2018-08-23 00:00:00,2018.0,2018.2,1,2018
2018-0100,2018-09-20,2018,9,20,SD,MOTO,FEMENINO,33,2018-09-20 00:00:00,2018.0,2018.2,1,2018
2018-0102,2018-09-21,2018,9,21,CONDUCTOR,MOTO,MASCULINO,20,2018-09-21 00:00:00,2018.0,2018.2,1,2018
2018-0104,2018-10-01,2018,10,1,CONDUCTOR,MOTO,MASCULINO,22,2018-10-01 00:00:00,2018.0,2018.2,1,2018
2018-0106,2018-10-04,2018,10,4,CONDUCTOR,MOTO,MASCULINO,27,2018-10-04 00:00:00,2018.0,2018.2,1,2018
2018-0108,2018-10-09,2018,10,9,CONDUCTOR,MOTO,MASCULINO,37,2018-10-10 00:00:00,2018.0,2018.2,1,2018
2018-0111,2018-10-19,2018,10,19,CONDUCTOR,MOTO,MASCULINO,28,2018-10-19 00:00:00,2018.0,2018.2,1,2018
2018-0112,2018-10-24,2018,10,24,CONDUCTOR,MOTO,FEMENINO,28,2018-10-24 00:00:00,2018.0,2018.2,1,2018
2018-0113,2018-10-25,2018,10,25,CONDUCTOR,MOTO,MASCULINO,20,2018-10-25 00:00:00,2018.0,2018.2,1,2018
2018-0114,2018-10-30,2018,10,30,CONDUCTOR,MOTO,MASCULINO,23,2018-10-30 00:00:00,2018.0,2018.2,1,2018
2018-0117,2018-11-04,2018,11,4,CONDUCTOR,MOTO,MASCULINO,30,2018-11-08 00:00:00,2018.0,2018.2,1,2018
2018-0127,2018-11-19,2018,11,19,CONDUCTOR,MOTO,MASCULINO,29,2018-11-19 00:00:00,2018.0,2018.2,1,2018
2018-0126,2018-11-18,2018,11,18,CONDUCTOR,MOTO,MASCULINO,27,2018-11-23 00:00:00,2018.0,2018.2,1,2018
2018-0129,2018-11-28,2018,11,28,CONDUCTOR,MOTO,MASCULINO,37,2018-11-30 00:00:00,2018.0,2018.2,1,2018
2018-0130,2018-12-03,2018,12,3,CONDUCTOR,MOTO,MASCULINO,SD,2018-12-03 00:00:00,2018.0,2018.2,1,2018
2018-0131,2018-12-07,2018,12,7,CONDUCTOR,MOTO,MASCULINO,29,2018-12-07 00:00:00,2018.0,2018.2,1,2018
2018-0137,2018-12-18,2018,12,18,PASAJERO_ACOMPAÑANTE,MOTO,MASCULINO,29,2018-12-19 00:00:00,2018.0,2018.2,1,2018
2018-0139,2018-12-22,2018,12,22,PASAJERO_ACOMPAÑANTE,MOTO,MASCULINO,28,2018-12-24 00:00:00,2018.0,2018.2,1,2018
2018-0143,2018-12-29,2018,12,29,CONDUCTOR,MOTO,MASCULINO,22,2018-12-29 00:00:00,2018.0,2018.2,1,2018
2019-0001,2019-01-08,2019,1,8,CONDUCTOR,MOTO,MASCULINO,25,2019-01-08 00:00:00,2019.0,2019.1,1,2019
2019-0003,2019-01-12,2019,1,12,CONDUCTOR,MOTO,MASCULINO,23,2019-01-12 00:00:00,2019.0,2019.1,1,2019
2019-0005,2019-01-19,2019,1,19,CONDUCTOR,MOTO,MASCULINO,43,2019-01-19 00:00:00,2019.0,2019.1,1,2019
2019-0007,2019-01-26,2019,1,26,CONDUCTOR,MOTO,MASCULINO,35,2019-01-26 00:00:00,2019.0,2019.1,1,2019
2019-0008,2019-01-30,2019,1,30,CONDUCTOR,MOTO,MASCULINO,42,2019-01-31 00:00:00,2019.0,2019.1,1,2019
2019-0009,2019-01-31,2019,1,31,CONDUCTOR,MOTO,MASCULINO,34,2019-01-31 00:00:00,2019.0,2019.1,1,2019
2019-0012,2019-02-17,2019,2,17,CONDUCTOR,MOTO,MASCULINO,31,2019-02-20 00:00:00,2019.0,2019.1,1,2019
2019-0014,2019-02-20,2019,2,20,CONDUCTOR,MOTO,MASCULINO,69,2019-02-20 00:00:00,2019.0,2019.1,1,2019
2019-0016,2019-02-24,2019,2,24,CONDUCTOR,MOTO,MASCULINO,40,2019-02-24 00:00:00,2019.0,2019.1,1,2019
2019-0020,2019-03-07,2019,3,7,CONDUCTOR,MOTO,MASCULINO,43,2019-03-07 00:00:00,2019.0,2019.1,1,2019
2019-0021,2019-03-15,2019,3,15,CONDUCTOR,MOTO,MASCULINO,23,2019-03-16 00:00:00,2019.0,2019.1,1,2019
2019-0024,2019-03-19,2019,3,19,CONDUCTOR,MOTO,MASCULINO,32,2019-03-19 00:00:00,2019.0,2019.1,1,2019
2019-0029,2019-04-07,2019,4,7,CONDUCTOR,MOTO,MASCULINO,27,2019-04-07 00:00:00,2019.0,2019.1,1,2019
2019-0030,2019-04-09,2019,4,9,CONDUCTOR,MOTO,MASCULINO,25,2019-04-09 00:00:00,2019.0,2019.1,1,2019
2019-0033,2019-04-18,2019,4,18,CONDUCTOR,MOTO,MASCULINO,25,2019-04-18 00:00:00,2019.0,2019.1,1,2019
2019-0034,2019-04-21,2019,4,21,CONDUCTOR,MOTO,MASCULINO,SD,2019-04-21 00:00:00,2019.0,2019.1,1,2019
2019-0037,2019-05-01,2019,5,1,CONDUCTOR,MOTO,MASCULINO,17,2019-05-01 00:00:00,2019.0,2019.1,1,2019
2019-0036,2019-04-26,2019,4,26,CONDUCTOR,MOTO,MASCULINO,34,2019-05-02 00:00:00,2019.0,2019.1,1,2019
2019-0039,2019-05-09,2019,5,9,CONDUCTOR,MOTO,MASCULINO,28,2019-05-09 00:00:00,2019.0,2019.1,1,2019
2019-0040,2019-05-09,2019,5,9,CONDUCTOR,MOTO,MASCULINO,44,2019-05-15 00:00:00,2019.0,2019.1,1,2019
2019-0045,2019-06-03,2019,6,3,CONDUCTOR,MOTO,MASCULINO,33,2019-06-03 00:00:00,2019.0,2019.1,1,2019
2019-0046,2019-06-04,2019,6,4,PASAJERO_ACOMPAÑANTE,MOTO,FEMENINO,26,2019-06-04 00:00:00,2019.0,2019.1,1,2019
2019-0048,2019-06-07,2019,6,7,CONDUCTOR,MOTO,MASCULINO,32,2019-06-07 00:00:00,2019.0,2019.1,1,2019
2019-0050,2019-06-08,2019,6,8,CONDUCTOR,MOTO,MASCULINO,21,2019-06-09 00:00:00,2019.0,2019.1,1,2019
2019-0051,2019-06-11,2019,6,11,CONDUCTOR,MOTO,MASCULINO,41,2019-06-11 00:00:00,2019.0,2019.1,1,2019
2019-0054,2019-06-20,2019,6,20,CONDUCTOR,MOTO,MASCULINO,21,2019-06-20 00:00:00,2019.0,2019.1,1,2019
2019-0055,2019-06-20,2019,6,20,CONDUCTOR,MOTO,MASCULINO,47,2019-06-21 00:00:00,2019.0,2019.1,1,2019
2019-0058,2019-07-10,2019,7,10,CONDUCTOR,MOTO,MASCULINO,39,2019-07-10 00:00:00,2019.0,2019.2,1,2019
2019-0059,2019-07-13,2019,7,13,CONDUCTOR,MOTO,MASCULINO,30,2019-07-13 00:00:00,2019.0,2019.2,1,2019
2019-0063,2019-08-04,2019,8,4,PASAJERO_ACOMPAÑANTE,MOTO,MASCULINO,SD,2019-08-04 00:00:00,2019.0,2019.2,1,2019
2019-0064,2019-08-06,2019,8,6,CONDUCTOR,MOTO,MASCULINO,20,2019-08-06 00:00:00,2019.0,2019.2,1,2019
2019-0067,2019-08-14,2019,8,14,CONDUCTOR,MOTO,MASCULINO,35,2019-08-14 00:00:00,2019.0,2019.2,1,2019
2019-0068,2019-08-14,2019,8,14,CONDUCTOR,MOTO,MASCULINO,53,2019-08-14 00:00:00,2019.0,2019.2,1,2019
2019-0069,2019-08-17,2019,8,17,CONDUCTOR,MOTO,MASCULINO,43,2019-08-17 00:00:00,2019.0,2019.2,1,2019
2019-0070,2019-08-22,2019,8,22,CONDUCTOR,MOTO,MASCULINO,25,2019-08-22 00:00:00,2019.0,2019.2,1,2019
2019-0074,2019-08-29,2019,8,29,CONDUCTOR,MOTO,MASCULINO,35,2019-08-29 00:00:00,2019.0,2019.2,1,2019
2019-0075,2019-08-30,2019,8,30,CONDUCTOR,MOTO,MASCULINO,31,2019-08-30 00:00:00,2019.0,2019.2,1,2019
2019-0076,2019-09-05,2019,9,5,CONDUCTOR,MOTO,FEMENINO,29,2019-09-05 00:00:00,2019.0,2019.2,1,2019
2019-0079,2019-09-17,2019,9,17,CONDUCTOR,MOTO,MASCULINO,57,2019-09-17 00:00:00,2019.0,2019.2,1,2019
2019-0086,2019-10-15,2019,10,15,CONDUCTOR,MOTO,MASCULINO,29,2019-10-15 00:00:00,2019.0,2019.2,1,2019
2019-0087,2019-10-21,2019,10,21,CONDUCTOR,MOTO,MASCULINO,41,2019-10-21 00:00:00,2019.0,2019.2,1,2019
2019-0094,2019-11-18,2019,11,18,PASAJERO_ACOMPAÑANTE,MOTO,FEMENINO,SD,2019-11-18 00:00:00,2019.0,2019.2,1,2019
2019-0095,2019-11-20,2019,11,20,CONDUCTOR,MOTO,MASCULINO,SD,2019-11-20 00:00:00,2019.0,2019.2,1,2019
2019-0097,2019-11-25,2019,11,25,PASAJERO_ACOMPAÑANTE,MOTO,FEMENINO,23,2019-11-25 00:00:00,2019.0,2019.2,1,2019
2019-0101,2019-12-17,2019,12,17,CONDUCTOR,MOTO,MASCULINO,25,2019-12-17 00:00:00,2019.0,2019.2,1,2019
2019-0100,2019-12-05,2019,12,5,CONDUCTOR,MOTO,MASCULINO,38,2019-12-18 00:00:00,2019.0,2019.2,1,2019
2019-0102,2019-12-17,2019,12,17,CONDUCTOR,MOTO,MASCULINO,18,2019-12-18 00:00:00,2019.0,2019.2,1,2019
2019-0103,2019-12-18,2019,12,18,CONDUCTOR,MOTO,MASCULINO,24,2019-12-18 00:00:00,2019.0,2019.2,1,2019
2019-0104,2019-12-21,2019,12,21,PASAJERO_ACOMPAÑANTE,MOTO,FEMENINO,23,2019-12-22 00:00:00,2019.0,2019.2,1,2019
2020-0002,2020-01-05,2020,1,5,CONDUCTOR,MOTO,MASCULINO,36,2020-01-07 00:00:00,2020.0,2020.1,1,2020
2020-0006,2020-01-20,2020,1,20,CONDUCTOR,MOTO,MASCULINO,23,2020-01-20 00:00:00,2020.0,2020.1,1,2020
2020-0008,2020-01-30,2020,1,30,CONDUCTOR,MOTO,MASCULINO,49,2020-01-30 00:00:00,2020.0,2020.1,1,2020
2020-0010,2020-02-08,2020,2,8,CONDUCTOR,MOTO,MASCULINO,SD,2020-02-08 00:00:00,2020.0,2020.1,1,2020
2020-0005,2020-01-14,2020,1,14,CONDUCTOR,MOTO,MASCULINO,25,2020-02-10 00:00:00,2020.0,2020.1,1,2020
2020-0011,2020-02-12,2020,2,12,CONDUCTOR,MOTO,MASCULINO,31,2020-02-12 00:00:00,2020.0,2020.1,1,2020
2020-0014,2020-02-27,2020,2,27,CONDUCTOR,MOTO,MASCULINO,SD,2020-02-27 00:00:00,2020.0,2020.1,1,2020
2020-0015,2020-02-28,2020,2,28,CONDUCTOR,MOTO,MASCULINO,29,2020-02-28 00:00:00,2020.0,2020.1,1,2020
2020-0018,2020-03-09,2020,3,9,CONDUCTOR,MOTO,MASCULINO,31,2020-03-09 00:00:00,2020.0,2020.1,1,2020
2020-0026,2020-05-17,2020,5,17,CONDUCTOR,MOTO,MASCULINO,28,2020-05-17 00:00:00,2020.0,2020.1,1,2020
2020-0030,2020-06-16,2020,6,16,CONDUCTOR,MOTO,MASCULINO,40,2020-06-16 00:00:00,2020.0,2020.1,1,2020
2020-0031,2020-06-30,2020,6,30,CONDUCTOR,MOTO,MASCULINO,29,2020-06-30 00:00:00,2020.0,2020.1,1,2020
2020-0032,2020-07-10,2020,7,10,CONDUCTOR,MOTO,MASCULINO,21,2020-07-10 00:00:00,2020.0,2020.2,1,2020
2020-0035,2020-08-04,2020,8,4,CONDUCTOR,MOTO,MASCULINO,40,2020-08-04 00:00:00,2020.0,2020.2,1,2020
2020-0041,2020-09-28,2020,9,28,CONDUCTOR,MOTO,MASCULINO,34,2020-09-28 00:00:00,2020.0,2020.2,1,2020
2020-0046,2020-10-27,2020,10,27,CONDUCTOR,MOTO,MASCULINO,41,2020-10-27 00:00:00,2020.0,2020.2,1,2020
2020-0048,2020-10-29,2020,10,29,CONDUCTOR,MOTO,MASCULINO,41,2020-10-29 00:00:00,2020.0,2020.2,1,2020
2020-0051,2020-11-05,2020,11,5,CONDUCTOR,MOTO,MASCULINO,49,2020-11-05 00:00:00,2020.0,2020.2,1,2020
2020-0056,2020-11-21,2020,11,21,CONDUCTOR,MOTO,FEMENINO,34,2020-11-21 00:00:00,2020.0,2020.2,1,2020
2020-0061,2020-12-03,2020,12,3,CONDUCTOR,MOTO,MASCULINO,45,2020-12-04 00:00:00,2020.0,2020.2,1,2020
2020-0063,2020-12-05,2020,12,5,PASAJERO_ACOMPAÑANTE,MOTO,MASCULINO,21,2020-12-05 00:00:00,2020.0,2020.2,1,2020
2020-0065,2020-12-05,2020,12,5,CONDUCTOR,MOTO,MASCULINO,24,2020-12-06 00:00:00,2020.0,2020.2,1,2020
2020-0066,2020-12-07,2020,12,7,CONDUCTOR,MOTO,MASCULINO,27,2020-12-07 00:00:00,2020.0,2020.2,1,2020
2020-0069,2020-12-15,2020,12,15,PASAJERO_ACOMPAÑANTE,MOTO,MASCULINO,25,2020-12-15 00:00:00,2020.0,2020.2,1,2020
2020-0068,2020-12-12,2020,12,12,CONDUCTOR,MOTO,MASCULINO,71,2020-12-20 00:00:00,2020.0,2020.2,1,2020
2020-0073,2020-12-20,2020,12,20,CONDUCTOR,MOTO,MASCULINO,56,2020-12-20 00:00:00,2020.0,2020.2,1,2020
2020-0077,2020-12-25,2020,12,25,CONDUCTOR,MOTO,FEMENINO,30,2020-12-25 00:00:00,2020.0,2020.2,1,2020
2020-0077,2020-12-25,2020,12,25,PASAJERO_ACOMPAÑANTE,MOTO,FEMENINO,24,2020-12-25 00:00:00,2020.0,2020.2,1,2020
2020-0079,2020-12-27,2020,12,27,CONDUCTOR,MOTO,MASCULINO,28,2020-12-27 00:00:00,2020.0,2020.2,1,2020
2021-0001,2021-01-06,2021,1,6,CONDUCTOR,MOTO,MASCULINO,36,2021-01-06 00:00:00,2021.0,2021.1,1,2021
2021-0002,2021-01-07,2021,1,7,CONDUCTOR,MOTO,FEMENINO,47,2021-01-07 00:00:00,2021.0,2021.1,1,2021
2021-0003,2021-01-10,2021,1,10,CONDUCTOR,MOTO,MASCULINO,27,2021-01-10 00:00:00,2021.0,2021.1,1,2021
2021-0006,2021-01-12,2021,1,12,PASAJERO_ACOMPAÑANTE,MOTO,FEMENINO,23,2021-01-12 00:00:00,2021.0,2021.1,1,2021
2021-0009,2021-01-23,2021,1,23,CONDUCTOR,MOTO,MASCULINO,31,2021-01-23 00:00:00,2021.0,2021.1,1,2021
2021-0010,2021-01-23,2021,1,23,CONDUCTOR,MOTO,MASCULINO,28,2021-01-23 00:00:00,2021.0,2021.1,1,2021
2021-0007,2021-01-18,2021,1,18,CONDUCTOR,MOTO,MASCULINO,84,2021-01-26 00:00:00,2021.0,2021.1,1,2021
2021-0013,2021-01-31,2021,1,31,CONDUCTOR,MOTO,MASCULINO,41,2021-01-31 00:00:00,2021.0,2021.1,1,2021
2021-0015,2021-02-06,2021,2,6,CONDUCTOR,MOTO,MASCULINO,26,2021-02-06 00:00:00,2021.0,2021.1,1,2021
2021-0017,2021-02-17,2021,2,17,CONDUCTOR,MOTO,MASCULINO,33,2021-02-17 00:00:00,2021.0,2021.1,1,2021
2021-0019,2021-02-21,2021,2,21,CONDUCTOR,MOTO,MASCULINO,30,2021-02-21 00:00:00,2021.0,2021.1,1,2021
2021-0023,2021-03-01,2021,3,1,CONDUCTOR,MOTO,MASCULINO,24,2021-03-01 00:00:00,2021.0,2021.1,1,2021
2021-0021,2021-02-26,2021,2,26,CONDUCTOR,MOTO,MASCULINO,39,2021-03-04 00:00:00,2021.0,2021.1,1,2021
2021-0025,2021-03-11,2021,3,11,CONDUCTOR,MOTO,MASCULINO,37,2021-03-11 00:00:00,2021.0,2021.1,1,2021
2021-0026,2021-03-15,2021,3,15,CONDUCTOR,MOTO,MASCULINO,36,2021-03-15 00:00:00,2021.0,2021.1,1,2021
2021-0027,2021-03-16,2021,3,16,CONDUCTOR,MOTO,FEMENINO,19,2021-03-16 00:00:00,2021.0,2021.1,1,2021
2021-0034,2021-04-19,2021,4,19,PASAJERO_ACOMPAÑANTE,MOTO,FEMENINO,26,2021-04-19 00:00:00,2021.0,2021.1,1,2021
2021-0035,2021-05-03,2021,5,3,CONDUCTOR,MOTO,MASCULINO,24,2021-05-03 00:00:00,2021.0,2021.1,1,2021
2021-0036,2021-05-09,2021,5,9,CONDUCTOR,MOTO,MASCULINO,36,2021-05-09 00:00:00,2021.0,2021.1,1,2021
2021-0038,2021-05-14,2021,5,14,CONDUCTOR,MOTO,FEMENINO,44,2021-05-14 00:00:00,2021.0,2021.1,1,2021
2021-0040,2021-05-20,2021,5,20,CONDUCTOR,MOTO,MASCULINO,27,2021-05-20 00:00:00,2021.0,2021.1,1,2021
2021-0044,2021-05-25,2021,5,25,PASAJERO_ACOMPAÑANTE,MOTO,MASCULINO,21,2021-05-25 00:00:00,2021.0,2021.1,1,2021
2021-0045,2021-05-26,2021,5,26,CONDUCTOR,MOTO,MASCULINO,22,2021-05-26 00:00:00,2021.0,2021.1,1,2021
2021-0047,2021-06-02,2021,6,2,CONDUCTOR,MOTO,MASCULINO,59,2021-06-02 00:00:00,2021.0,2021.1,1,2021
2021-0050,2021-06-10,2021,6,10,CONDUCTOR,MOTO,MASCULINO,56,2021-06-10 00:00:00,2021.0,2021.1,1,2021
2021-0052,2021-06-20,2021,6,20,PASAJERO_ACOMPAÑANTE,MOTO,FEMENINO,19,2021-06-20 00:00:00,2021.0,2021.1,1,2021
2021-0054,2021-06-22,2021,6,22,CONDUCTOR,MOTO,MASCULINO,41,2021-06-22 00:00:00,2021.0,2021.1,1,2021
2021-0055,2021-06-29,2021,6,29,PASAJERO_ACOMPAÑANTE,MOTO,MASCULINO,47,2021-06-29 00:00:00,2021.0,2021.1,1,2021
2021-0067,2021-08-08,2021,8,8,CONDUCTOR,MOTO,MASCULINO,27,2021-08-08 00:00:00,2021.0,2021.2,1,2021
2021-0068,2021-08-15,2021,8,15,CONDUCTOR,MOTO,MASCULINO,39,2021-08-15 00:00:00,2021.0,2021.2,1,2021
2021-0070,2021-08-28,2021,8,28,CONDUCTOR,MOTO,MASCULINO,31,2021-08-28 00:00:00,2021.0,2021.2,1,2021
2021-0074,2021-09-20,2021,9,20,CONDUCTOR,MOTO,MASCULINO,55,2021-09-20 00:00:00,2021.0,2021.2,1,2021
2021-0076,2021-10-16,2021,10,16,CONDUCTOR,MOTO,MASCULINO,31,2021-10-16 00:00:00,2021.0,2021.2,1,2021
2021-0077,2021-10-18,2021,10,18,CONDUCTOR,MOTO,FEMENINO,31,2021-10-18 00:00:00,2021.0,2021.2,1,2021
2021-0078,2021-10-23,2021,10,23,CONDUCTOR,MOTO,MASCULINO,22,2021-10-23 00:00:00,2021.0,2021.2,1,2021
2021-0080,2021-10-28,2021,10,28,CONDUCTOR,MOTO,MASCULINO,32,2021-10-28 00:00:00,2021.0,2021.2,1,2021
2021-0081,2021-11-02,2021,11,2,CONDUCTOR,MOTO,MASCULINO,26,2021-11-02 00:00:00,2021.0,2021.2,1,2021
2021-0082,2021-11-06,2021,11,6,CONDUCTOR,MOTO,MASCULINO,38,2021-11-06 00:00:00,2021.0,2021.2,1,2021
2021-0083,2021-11-09,2021,11,9,CONDUCTOR,MOTO,MASCULINO,30,2021-11-09 00:00:00,2021.0,2021.2,1,2021
2021-0085,2021-11-20,2021,11,20,CONDUCTOR,MOTO,MASCULINO,49,2021-11-20 00:00:00,2021.0,2021.2,1,2021
2021-0088,2021-12-01,2021,12,1,CONDUCTOR,MOTO,MASCULINO,45,2021-12-07 00:00:00,2021.0,2021.2,1,2021
2021-0089,2021-12-02,2021,12,2,CONDUCTOR,MOTO,MASCULINO,41,2021-12-11 00:00:00,2021.0,2021.2,1,2021
2021-0091,2021-12-11,2021,12,11,CONDUCTOR,MOTO,MASCULINO,24,2021-12-11 00:00:00,2021.0,2021.2,1,2021
2021-0093,2021-12-13,2021,12,13,PASAJERO_ACOMPAÑANTE,MOTO,FEMENINO,18,2021-12-18 00:00:00,2021.0,2021.2,1,2021
2021-0094,2021-12-20,2021,12,20,PASAJERO_ACOMPAÑANTE,MOTO,FEMENINO,43,2021-12-20 00:00:00,2021.0,2021.2,1,2021
2021-0095,2021-12-30,2021,12,30,CONDUCTOR,MOTO,MASCULINO,27,2022-01-02 00:00:00,2022.0,2022.1,1,2022
